id,fecha,cliente,producto,precio,cantidad,ciudad
1,2024-11-23,Juan,Impresora,772.43,1.0,Cartagena
2,2024-08-04,Juan,Mouse,694.98,5.0,Bucaramanga
3,28-11-2024,Andres,Celular,,1.0,Bucaramanga
4,2024/08/04,Luis,Teclado,,1.0,Barranquilla
5,2024/02/19,Carlos,Impresora,,5.0,Barranquilla
6,10-02-2024,Luis,Tablet,1753.19,1.0,Cali
7,2024-02-10,Ana,Celular,,,Cali
8,17-04-2024,Luis,Mouse,1846.94,5.0,Medellín
9,2024/08/24,Luis,Monitor,2069.61,2.0,Cali
10,2024/07/24,Ana,Monitor,,,Barranquilla
11,2024/11/25,Pedro,Impresora,,,Cartagena
12,2024/07/23,Maria,Teclado,1553.1,1.0,Medellín
13,2024-11-17,,Celular,,,Cartagena
14,08-05-2024,Juan,Mouse,,3.0,Cali
15,2024-08-10,Laura,Laptop,,5.0,Cartagena
16,24-02-2024,Luis,Monitor,500.88,5.0,Cartagena
17,2024/06/14,Juan,Mouse,,2.0,Medellín
18,2024-10-17,Ana,Audifonos,2457.27,,Cartagena
19,2024/03/25,Andres,Celular,2894.87,,Bucaramanga
20,2024/11/28,Laura,Audifonos,406.96,,Bogotá
21,28-10-2024,Maria,Monitor,71.21,2.0,Bogotá
22,2024-06-18,Andres,Monitor,,2.0,Bucaramanga
23,19-10-2024,Laura,Monitor,,2.0,Bogotá
24,2024/12/03,Carlos,Celular,1262.75,1.0,Barranquilla
25,2024-06-22,Maria,Monitor,,,Medellín
26,2024/05/22,Maria,Mouse,1357.24,1.0,Bogotá
27,2024-05-01,Sofia,Audifonos,,1.0,Barranquilla
28,2024/01/02,Luis,Audifonos,,2.0,Cali
29,2024-04-21,Camila,Laptop,2256.53,,Cartagena
30,2024-09-28,Juan,Mouse,2561.46,5.0,Bucaramanga
31,2024/04/30,Ana,Monitor,1757.81,5.0,Barranquilla
32,02-12-2024,Camila,Tablet,2807.38,3.0,Cali
33,2024-07-21,,Impresora,1398.81,,Cartagena
34,2024-10-15,Ana,Monitor,1542.36,3.0,Medellín
35,2024/07/08,Pedro,Audifonos,,5.0,Bucaramanga
36,2024/10/10,,Mouse,2819.84,3.0,Bogotá
37,2024-10-10,Luis,Impresora,,,Cartagena
38,2024/09/07,Juan,Mouse,,1.0,Cali
39,07-03-2024,Luis,Teclado,,5.0,Bogotá
40,08-02-2024,Pedro,Laptop,2512.06,4.0,Bogotá
41,2024/06/06,Juan,Tablet,669.73,,Cartagena
42,27-07-2024,Pedro,Monitor,2600.59,4.0,Medellín
43,2024/06/19,,Monitor,837.08,4.0,Barranquilla
44,2024-04-23,Laura,Tablet,950.31,2.0,Bucaramanga
45,2024/04/08,Carlos,Impresora,,,Bucaramanga
46,2024/10/01,Juan,Mouse,,,Bogotá
47,25-02-2024,Sofia,Tablet,,4.0,Barranquilla
48,2024-10-22,Luis,Laptop,2140.92,5.0,Cali
49,2024-08-08,,Tablet,1888.31,,Bucaramanga
50,2024/07/28,Sofia,Impresora,1685.52,,Bucaramanga
51,30-03-2024,Camila,Impresora,1247.92,,Medellín
52,08-08-2024,Camila,Tablet,,,Bucaramanga
53,27-03-2024,Ana,Impresora,,1.0,Bucaramanga
54,2024-06-07,Maria,Teclado,122.05,4.0,Barranquilla
55,31-07-2024,Camila,Monitor,,,Medellín
56,16-03-2024,Juan,Mouse,2346.34,,Bogotá
57,2024-10-12,Ana,Audifonos,,,Barranquilla
58,09-11-2024,Andres,Celular,,,Barranquilla
59,2024-05-12,,Impresora,,,Barranquilla
60,09-02-2024,Luis,Monitor,,5.0,Medellín
61,2024-03-18,Sofia,Teclado,2133.94,,Cali
62,2024/10/04,Sofia,Laptop,,4.0,Cartagena
63,2024/07/13,Juan,Tablet,,4.0,Barranquilla
64,2024/04/22,Sofia,Audifonos,,4.0,Barranquilla
65,06-03-2024,Andres,Laptop,2725.44,,Medellín
66,2024-08-24,Juan,Impresora,1168.36,,Cali
67,2024/07/13,Sofia,Impresora,,1.0,Cali
68,24-04-2024,Ana,Laptop,2274.99,2.0,Cartagena
69,2024-03-19,Pedro,Audifonos,2024.9,,Cali
70,26-03-2024,Camila,Mouse,2344.49,3.0,Cartagena
71,2024/01/14,Camila,Celular,1220.13,1.0,Bogotá
72,2024/12/22,,Mouse,2398.87,,Bucaramanga
73,2024-07-08,Andres,Tablet,,4.0,Barranquilla
74,04-07-2024,Laura,Teclado,,,Barranquilla
75,11-08-2024,Camila,Impresora,1000.8,,Barranquilla
76,2024/05/04,Camila,Celular,,3.0,Barranquilla
77,2024/04/18,Luis,Tablet,,5.0,Cartagena
78,2024-04-07,Maria,Celular,1491.3,,Barranquilla
79,2024-01-09,Luis,Monitor,1242.98,,Barranquilla
80,10-10-2024,Carlos,Celular,,,Cali
81,2024/06/05,Maria,Mouse,,1.0,Medellín
82,20-04-2024,Laura,Impresora,,1.0,Cali
83,2024/04/26,Pedro,Impresora,91.74,3.0,Bogotá
84,2024/10/10,Pedro,Audifonos,352.63,,Barranquilla
85,2024/09/02,Carlos,Teclado,,4.0,Bogotá
86,2024/07/24,Ana,Laptop,,1.0,Bogotá
87,2024/10/12,Camila,Monitor,,,Cali
88,2024/10/28,Luis,Laptop,1848.41,2.0,Cali
89,2024-12-04,Pedro,Monitor,562.75,2.0,Barranquilla
90,18-08-2024,Camila,Audifonos,909.21,,Bucaramanga
91,2024-08-20,,Monitor,2775.54,4.0,Cartagena
92,25-04-2024,Pedro,Impresora,2488.56,1.0,Cali
93,31-10-2024,Camila,Impresora,,,Cali
94,13-09-2024,Laura,Audifonos,287.3,,Cartagena
95,2024-05-08,Ana,Monitor,2887.64,3.0,Medellín
96,28-08-2024,,Audifonos,2752.41,,Bucaramanga
97,2024-09-08,Laura,Tablet,,1.0,Cali
98,29-07-2024,Laura,Impresora,,5.0,Barranquilla
99,2024/02/15,Luis,Tablet,,5.0,Bucaramanga
100,2024/10/04,Sofia,Laptop,,,Bucaramanga
101,2024-08-14,Maria,Impresora,,,Bogotá
102,15-01-2024,Camila,Monitor,,5.0,Cartagena
103,2024-07-27,Maria,Mouse,1411.27,,Bucaramanga
104,29-05-2024,Luis,Celular,,,Cartagena
105,2024/03/15,Maria,Teclado,,,Cartagena
106,2024-05-16,Luis,Impresora,,,Cartagena
107,2024/09/04,Carlos,Celular,,2.0,Cartagena
108,2024-07-15,Sofia,Laptop,,,Bucaramanga
109,2024-11-29,Laura,Laptop,,,Bogotá
110,2024/09/26,Juan,Teclado,1259.44,,Cali
111,22-06-2024,Sofia,Mouse,,,Cartagena
112,19-01-2024,Ana,Monitor,,2.0,Barranquilla
113,20-02-2024,Ana,Audifonos,,1.0,Cali
114,2024/01/29,Carlos,Tablet,1320.53,,Cartagena
115,2024-12-15,Pedro,Teclado,,5.0,Barranquilla
116,2024-10-25,Maria,Audifonos,,3.0,Barranquilla
117,27-05-2024,Andres,Teclado,,,Bucaramanga
118,05-08-2024,Luis,Audifonos,2543.65,,Bogotá
119,2024/05/01,Camila,Tablet,,,Cali
120,05-01-2024,,Laptop,,3.0,Cartagena
121,2024-06-29,,Monitor,1881.63,1.0,Cali
122,2024-08-13,Camila,Tablet,2210.46,,Bucaramanga
123,2024-07-31,Maria,Teclado,,,Medellín
124,2024/05/11,Luis,Tablet,,1.0,Medellín
125,12-12-2024,,Celular,,,Bogotá
126,15-05-2024,Ana,Audifonos,,,Bucaramanga
127,2024-07-09,,Monitor,,5.0,Bucaramanga
128,02-02-2024,Laura,Impresora,1965.26,2.0,Bogotá
129,2024/06/04,Ana,Mouse,742.66,,Cali
130,09-12-2024,Andres,Celular,1782.65,4.0,Barranquilla
131,2024/11/11,Luis,Laptop,2086.33,,Medellín
132,2024-07-04,,Tablet,,,Cali
133,2024-04-07,Laura,Mouse,2005.17,,Medellín
134,05-03-2024,Maria,Mouse,2497.96,5.0,Medellín
135,2024-06-17,Camila,Laptop,867.96,,Medellín
136,26-02-2024,Juan,Teclado,93.84,,Bogotá
137,2024/03/30,Juan,Teclado,2238.07,,Barranquilla
138,04-07-2024,Camila,Mouse,1383.42,5.0,Bucaramanga
139,03-12-2024,Luis,Audifonos,1947.86,,Barranquilla
140,06-08-2024,Ana,Audifonos,,1.0,Cali
141,2024-11-07,Ana,Teclado,,,Barranquilla
142,15-09-2024,Sofia,Mouse,2389.63,5.0,Barranquilla
143,2024-08-19,Sofia,Tablet,,4.0,Cali
144,2024/08/06,,Impresora,1154.19,4.0,Bogotá
145,2024-02-13,Sofia,Mouse,,2.0,Cartagena
146,14-10-2024,Carlos,Mouse,,,Cartagena
147,2024/06/08,Ana,Monitor,,2.0,Cali
148,2024/10/11,Ana,Impresora,,5.0,Cartagena
149,02-12-2024,Luis,Laptop,,,Bogotá
150,2024-04-02,Camila,Celular,255.28,1.0,Barranquilla
151,2024/08/02,Carlos,Teclado,,5.0,Bogotá
152,2024-03-20,Camila,Laptop,,,Barranquilla
153,2024/11/06,Sofia,Impresora,685.93,,Bogotá
154,25-05-2024,,Audifonos,,1.0,Barranquilla
155,2024-11-02,Juan,Monitor,939.19,,Cali
156,2024-06-16,Juan,Audifonos,2253.69,,Cartagena
157,2024-12-26,Andres,Tablet,262.62,4.0,Barranquilla
158,2024/02/09,Camila,Celular,,3.0,Barranquilla
159,2024/01/11,Pedro,Audifonos,,,Bogotá
160,2024/05/04,Camila,Celular,,,Medellín
161,2024-06-19,Ana,Mouse,1615.28,,Bucaramanga
162,2024-11-26,Maria,Mouse,482.01,2.0,Bucaramanga
163,2024-02-08,,Audifonos,,,Bucaramanga
164,2024-06-10,Laura,Mouse,,3.0,Cali
165,2024-09-16,Luis,Audifonos,1383.15,,Bogotá
166,2024-11-26,Camila,Celular,1415.0,4.0,Cali
167,2024/11/05,Andres,Teclado,,,Bucaramanga
168,13-02-2024,,Teclado,,4.0,Cali
169,2024/07/09,Sofia,Celular,2334.67,3.0,Cali
170,18-02-2024,,Celular,888.23,3.0,Cartagena
171,2024-12-05,Carlos,Impresora,,2.0,Cali
172,2024/10/13,,Tablet,2448.9,,Bogotá
173,2024/07/04,Pedro,Monitor,,2.0,Medellín
174,2024-03-20,Luis,Mouse,1547.68,3.0,Cartagena
175,2024-07-11,Pedro,Teclado,2502.47,4.0,Barranquilla
176,05-07-2024,Maria,Audifonos,,2.0,Cali
177,2024-08-28,Carlos,Audifonos,,,Medellín
178,12-04-2024,Pedro,Impresora,,3.0,Bucaramanga
179,2024-09-21,Luis,Mouse,,4.0,Barranquilla
180,2024-02-16,Laura,Tablet,,,Cartagena
181,2024-07-10,Sofia,Mouse,1155.99,3.0,Bucaramanga
182,2024/11/28,Pedro,Teclado,,,Barranquilla
183,2024-11-11,Ana,Laptop,804.98,,Bogotá
184,2024-05-27,Luis,Mouse,,,Bogotá
185,2024/02/26,Camila,Laptop,1914.27,,Barranquilla
186,01-01-2024,Carlos,Monitor,1733.46,,Bogotá
187,26-09-2024,Andres,Laptop,,,Cali
188,09-05-2024,Juan,Tablet,,2.0,Cartagena
189,2024-06-19,Juan,Tablet,1660.74,,Bucaramanga
190,2024-04-03,Ana,Audifonos,159.1,1.0,Bogotá
191,2024/06/10,Andres,Celular,,3.0,Bucaramanga
192,2024/04/07,Carlos,Laptop,,3.0,Cali
193,2024/08/11,Laura,Celular,1050.16,,Cali
194,2024/09/22,Ana,Celular,282.83,,Cali
195,2024-02-22,Carlos,Impresora,,,Cali
196,2024-08-16,Carlos,Celular,859.94,,Cali
197,19-09-2024,,Teclado,2860.73,,Bogotá
198,2024-03-05,Maria,Tablet,1118.34,5.0,Bucaramanga
199,2024/08/18,Carlos,Audifonos,2301.1,,Barranquilla
200,09-06-2024,Luis,Monitor,2883.53,,Cartagena
201,17-07-2024,Ana,Impresora,,,Bucaramanga
202,2024-09-08,Ana,Teclado,,,Bogotá
203,2024/12/15,,Tablet,,3.0,Bucaramanga
204,29-12-2024,,Teclado,2391.4,1.0,Medellín
205,2024/05/01,Juan,Tablet,,4.0,Cartagena
206,2024-02-14,Luis,Celular,,,Barranquilla
207,2024-10-21,Pedro,Tablet,,,Medellín
208,09-10-2024,Camila,Teclado,2314.96,4.0,Bogotá
209,2024-09-22,Luis,Teclado,527.8,,Bogotá
210,2024-05-08,,Impresora,,5.0,Cartagena
211,2024-11-24,Camila,Teclado,,5.0,Bogotá
212,2024-02-11,,Impresora,,5.0,Barranquilla
213,17-11-2024,Luis,Impresora,,,Bogotá
214,2024-12-18,Pedro,Audifonos,,,Cartagena
215,2024/03/14,Carlos,Tablet,2927.35,3.0,Cali
216,2024/05/03,Ana,Impresora,1376.31,1.0,Cali
217,15-07-2024,Sofia,Monitor,2889.92,,Medellín
218,2024/03/22,Andres,Audifonos,,4.0,Bogotá
219,20-07-2024,Laura,Monitor,,1.0,Cali
220,10-09-2024,,Audifonos,892.96,,Medellín
221,15-05-2024,Carlos,Celular,,1.0,Cali
222,2024/10/10,Ana,Celular,,5.0,Medellín
223,2024/02/19,Carlos,Tablet,,2.0,Cartagena
224,2024/09/17,Andres,Laptop,183.64,,Cartagena
225,2024-08-21,Camila,Teclado,,,Cartagena
226,02-06-2024,Carlos,Audifonos,,4.0,Cali
227,18-06-2024,Ana,Celular,1771.92,,Cali
228,01-12-2024,Camila,Monitor,,,Medellín
229,2024-12-14,Juan,Mouse,,,Medellín
230,30-07-2024,Maria,Celular,,1.0,Cartagena
231,16-04-2024,Carlos,Audifonos,,,Cartagena
232,24-06-2024,Carlos,Impresora,1849.73,,Cartagena
233,2024-06-01,Luis,Impresora,,,Cali
234,13-10-2024,Luis,Impresora,,,Medellín
235,2024-05-28,Luis,Mouse,,,Medellín
236,13-04-2024,Luis,Impresora,454.96,2.0,Bucaramanga
237,2024-09-28,,Monitor,,,Bogotá
238,2024-12-14,Juan,Teclado,,4.0,Cali
239,2024/06/13,,Laptop,2728.41,5.0,Cartagena
240,2024-01-20,Sofia,Teclado,2805.07,,Medellín
241,2024-05-28,Juan,Impresora,1725.49,,Barranquilla
242,24-11-2024,Andres,Audifonos,2673.32,,Cali
243,2024-04-08,Carlos,Teclado,,2.0,Bucaramanga
244,2024/06/21,Camila,Monitor,,,Bogotá
245,24-07-2024,Ana,Teclado,,3.0,Bogotá
246,2024/05/13,Maria,Audifonos,,3.0,Cali
247,2024/11/30,Maria,Laptop,,3.0,Barranquilla
248,17-12-2024,Luis,Mouse,,3.0,Medellín
249,2024/03/09,Pedro,Audifonos,,,Cartagena
250,2024-12-06,Maria,Mouse,,1.0,Bogotá
251,07-10-2024,Maria,Teclado,,1.0,Bucaramanga
252,2024/10/25,Ana,Audifonos,,,Barranquilla
253,2024-10-15,Andres,Audifonos,,,Cali
254,02-01-2024,Maria,Mouse,,1.0,Bogotá
255,2024-08-29,Luis,Celular,580.94,,Barranquilla
256,2024/08/17,Sofia,Mouse,2064.05,3.0,Medellín
257,2024/10/02,Andres,Teclado,2197.18,1.0,Cali
258,25-08-2024,Andres,Celular,1619.2,,Cali
259,2024/03/20,Maria,Mouse,,5.0,Medellín
260,2024-04-15,Ana,Laptop,1367.0,2.0,Barranquilla
261,2024-08-12,Andres,Monitor,2275.44,,Medellín
262,2024/10/21,Camila,Tablet,748.87,5.0,Barranquilla
263,2024/06/02,Juan,Teclado,,,Bogotá
264,25-06-2024,,Celular,,,Medellín
265,2024/06/02,Pedro,Audifonos,760.86,3.0,Barranquilla
266,30-01-2024,Sofia,Celular,1694.0,4.0,Cali
267,2024/04/14,,Mouse,,1.0,Bogotá
268,2024/05/17,,Laptop,2627.18,5.0,Barranquilla
269,2024/04/16,Luis,Laptop,674.83,,Medellín
270,22-12-2024,Maria,Celular,,,Barranquilla
271,30-09-2024,Carlos,Impresora,,4.0,Bucaramanga
272,2024/08/28,Maria,Tablet,973.12,5.0,Bucaramanga
273,2024-03-15,Luis,Celular,920.82,3.0,Barranquilla
274,2024-10-18,Laura,Tablet,,,Medellín
275,2024-06-29,Pedro,Audifonos,592.94,5.0,Bogotá
276,2024-12-08,Juan,Celular,455.6,1.0,Bogotá
277,21-04-2024,Laura,Tablet,,4.0,Bogotá
278,29-09-2024,Sofia,Laptop,,,Bogotá
279,14-09-2024,,Celular,2428.19,1.0,Cartagena
280,2024-03-17,Maria,Impresora,,4.0,Cali
281,2024/07/26,Camila,Monitor,2971.19,3.0,Bucaramanga
282,2024-11-28,Ana,Celular,,1.0,Bucaramanga
283,2024-03-28,Laura,Celular,,5.0,Cartagena
284,2024-01-22,Maria,Audifonos,849.73,3.0,Medellín
285,2024-06-10,Maria,Teclado,,,Medellín
286,2024-10-15,Camila,Celular,,4.0,Bucaramanga
287,10-02-2024,Carlos,Laptop,338.17,,Cartagena
288,10-11-2024,Sofia,Tablet,,,Medellín
289,01-07-2024,Sofia,Celular,,,Medellín
290,2024-12-31,Ana,Impresora,504.95,,Cali
291,2024-02-24,Juan,Impresora,,1.0,Bogotá
292,2024/04/05,Laura,Celular,354.71,3.0,Cartagena
293,2024/11/02,Sofia,Laptop,,1.0,Cartagena
294,2024-09-23,,Celular,,,Barranquilla
295,2024-03-15,Pedro,Celular,,4.0,Cali
296,2024-05-08,,Audifonos,1801.73,4.0,Medellín
297,2024-06-04,Sofia,Tablet,,,Cali
298,08-08-2024,Camila,Teclado,936.28,,Medellín
299,2024/07/22,Luis,Audifonos,2904.9,,Cali
300,2024/07/20,Ana,Monitor,1797.07,5.0,Bucaramanga
301,24-08-2024,Maria,Audifonos,2403.17,,Medellín
302,2024/11/20,Maria,Impresora,,4.0,Barranquilla
303,2024/11/02,Camila,Celular,,5.0,Cali
304,25-12-2024,Camila,Mouse,372.64,3.0,Bucaramanga
305,2024-11-09,Camila,Celular,,4.0,Bogotá
306,2024/02/20,Maria,Monitor,,4.0,Cali
307,2024/01/13,Ana,Impresora,1277.13,1.0,Cali
308,2024/06/08,Laura,Monitor,,4.0,Barranquilla
309,2024/12/22,Carlos,Mouse,935.78,,Bucaramanga
310,25-02-2024,Pedro,Monitor,1572.18,,Barranquilla
311,2024/04/28,,Teclado,,4.0,Bucaramanga
312,2024-11-10,Laura,Celular,1197.07,,Bucaramanga
313,02-02-2024,Ana,Teclado,1129.09,4.0,Cali
314,2024/12/09,Andres,Tablet,,5.0,Cali
315,2024/06/29,Camila,Teclado,,5.0,Bucaramanga
316,2024/03/09,Ana,Monitor,950.87,3.0,Cartagena
317,2024/07/17,Camila,Teclado,,,Bucaramanga
318,02-10-2024,,Teclado,,3.0,Medellín
319,2024/06/10,Camila,Laptop,2603.29,4.0,Medellín
320,15-07-2024,Andres,Audifonos,,,Barranquilla
321,2024-03-26,Camila,Laptop,2397.85,3.0,Cali
322,25-04-2024,Luis,Teclado,,5.0,Cartagena
323,2024/02/28,Andres,Tablet,1649.03,4.0,Barranquilla
324,22-02-2024,,Monitor,928.24,,Cali
325,2024/02/14,Ana,Monitor,,,Medellín
326,2024-11-11,Maria,Monitor,,,Cartagena
327,2024-10-02,Carlos,Impresora,,5.0,Medellín
328,2024-07-29,Luis,Teclado,2119.21,2.0,Bucaramanga
329,2024-06-13,,Celular,,,Barranquilla
330,08-02-2024,Ana,Celular,,,Barranquilla
331,16-06-2024,Juan,Mouse,,3.0,Cartagena
332,2024-07-22,Sofia,Monitor,,,Cartagena
333,2024-10-22,Camila,Audifonos,2375.5,1.0,Bucaramanga
334,2024-08-23,Ana,Teclado,1351.79,4.0,Bucaramanga
335,08-03-2024,Luis,Teclado,,,Cali
336,2024/02/12,,Teclado,,,Bucaramanga
337,16-02-2024,Ana,Laptop,679.59,2.0,Cartagena
338,2024/12/14,Juan,Laptop,2102.01,4.0,Barranquilla
339,2024-02-06,Sofia,Mouse,2205.75,,Cali
340,2024-06-02,Sofia,Teclado,1942.65,1.0,Cartagena
341,2024-11-28,Laura,Tablet,2181.17,,Medellín
342,2024-02-14,Pedro,Mouse,,,Cali
343,2024-03-12,Luis,Mouse,,,Medellín
344,22-09-2024,Andres,Monitor,,1.0,Barranquilla
345,2024-07-16,Maria,Audifonos,1932.34,5.0,Cali
346,2024-06-11,Sofia,Celular,1127.97,4.0,Bogotá
347,2024-10-27,Juan,Impresora,686.44,,Bucaramanga
348,30-12-2024,Sofia,Celular,2120.34,5.0,Cali
349,2024/02/12,Ana,Monitor,2924.22,,Barranquilla
350,27-10-2024,,Mouse,,2.0,Medellín
351,2024/02/14,Ana,Audifonos,1856.28,3.0,Bogotá
352,07-01-2024,Pedro,Laptop,,,Medellín
353,2024-07-09,Luis,Mouse,2325.72,,Cali
354,2024-09-25,Luis,Mouse,,,Cartagena
355,2024/03/26,Pedro,Impresora,2331.32,2.0,Bogotá
356,2024-01-07,Juan,Audifonos,1123.73,2.0,Cartagena
357,31-12-2024,,Celular,712.32,,Cali
358,09-02-2024,Carlos,Mouse,1531.02,2.0,Cartagena
359,2024/01/24,Ana,Audifonos,,3.0,Cartagena
360,2024-08-21,Carlos,Monitor,,5.0,Barranquilla
361,07-07-2024,Laura,Monitor,2210.77,2.0,Barranquilla
362,2024-01-13,Andres,Tablet,1926.03,3.0,Bucaramanga
363,11-07-2024,Luis,Mouse,655.32,,Bogotá
364,13-03-2024,Luis,Mouse,179.51,,Bucaramanga
365,2024/07/09,Ana,Mouse,,1.0,Barranquilla
366,2024-12-05,Maria,Impresora,,,Cali
367,2024/08/19,Maria,Mouse,2833.49,5.0,Medellín
368,2024-02-24,Laura,Audifonos,976.4,,Medellín
369,2024/08/19,Laura,Impresora,2564.82,,Bucaramanga
370,22-12-2024,Juan,Monitor,,2.0,Bucaramanga
371,2024/05/07,Sofia,Laptop,,2.0,Barranquilla
372,19-08-2024,Andres,Monitor,329.44,2.0,Bogotá
373,2024-02-01,Pedro,Monitor,,,Bogotá
374,2024-01-12,Maria,Audifonos,2437.43,3.0,Bogotá
375,2024-08-24,Pedro,Celular,,4.0,Barranquilla
376,2024/12/15,Pedro,Tablet,683.41,,Barranquilla
377,2024-03-17,Camila,Monitor,,,Bogotá
378,2024/02/14,Sofia,Teclado,1286.74,5.0,Barranquilla
379,2024/12/31,Laura,Audifonos,,,Medellín
380,2024/01/14,Camila,Monitor,,,Cartagena
381,02-07-2024,Maria,Teclado,345.4,3.0,Medellín
382,2024/10/21,Carlos,Teclado,,3.0,Bucaramanga
383,2024/12/24,Camila,Teclado,1711.17,,Medellín
384,2024-09-08,Ana,Laptop,736.24,,Bogotá
385,18-06-2024,Maria,Teclado,1055.24,3.0,Bogotá
386,16-03-2024,Pedro,Mouse,,,Bucaramanga
387,2024/12/05,Camila,Mouse,,2.0,Bucaramanga
388,11-08-2024,Laura,Tablet,,2.0,Barranquilla
389,06-06-2024,Luis,Teclado,574.24,,Cartagena
390,2024-01-17,Camila,Tablet,2767.06,5.0,Barranquilla
391,2024/03/13,Ana,Monitor,,2.0,Bucaramanga
392,09-12-2024,Carlos,Audifonos,83.62,2.0,Cali
393,2024-05-11,Juan,Laptop,,,Barranquilla
394,2024/07/12,Andres,Celular,,5.0,Medellín
395,2024-08-19,Juan,Impresora,,1.0,Cali
396,2024/03/28,Pedro,Mouse,1663.79,,Bucaramanga
397,2024/01/16,,Teclado,,2.0,Bogotá
398,2024-06-18,Maria,Celular,,,Medellín
399,2024-02-19,Sofia,Audifonos,,,Bogotá
400,30-05-2024,,Audifonos,639.04,2.0,Bucaramanga
401,2024-05-29,Laura,Mouse,,,Bucaramanga
402,2024-05-15,,Celular,,3.0,Barranquilla
403,2024/01/23,Laura,Audifonos,,5.0,Medellín
404,22-12-2024,Ana,Mouse,,5.0,Cartagena
405,2024/02/01,Andres,Celular,,5.0,Barranquilla
406,2024-06-02,Sofia,Laptop,1531.2,,Medellín
407,2024-03-26,Maria,Teclado,175.89,4.0,Bucaramanga
408,16-03-2024,Luis,Tablet,2736.87,,Cartagena
409,22-07-2024,Carlos,Impresora,1583.08,,Bogotá
410,2024-07-31,Pedro,Mouse,2778.54,,Barranquilla
411,2024/05/15,,Audifonos,,1.0,Cali
412,2024-07-25,Camila,Celular,,2.0,Bucaramanga
413,2024/08/31,Carlos,Laptop,,,Barranquilla
414,22-12-2024,Ana,Monitor,,,Bucaramanga
415,01-08-2024,,Mouse,604.41,,Cartagena
416,2024-07-10,Andres,Teclado,,2.0,Medellín
417,2024-04-08,Juan,Monitor,147.56,3.0,Cali
418,2024/07/07,Andres,Celular,1924.46,1.0,Cali
419,07-09-2024,Laura,Teclado,,,Cali
420,2024/03/24,Ana,Impresora,130.98,2.0,Medellín
421,2024-11-27,,Monitor,,5.0,Bucaramanga
422,2024/01/05,Pedro,Teclado,1823.37,,Cartagena
423,05-06-2024,,Impresora,,,Cali
424,2024/04/21,Luis,Celular,1774.24,,Cartagena
425,27-11-2024,Camila,Impresora,930.5,4.0,Cali
426,21-05-2024,Carlos,Impresora,,2.0,Cartagena
427,2024-05-03,Camila,Celular,1998.56,,Cali
428,2024/05/12,Sofia,Celular,2223.36,3.0,Bucaramanga
429,30-09-2024,Laura,Tablet,1546.58,5.0,Cali
430,2024/02/19,Pedro,Impresora,2189.3,3.0,Medellín
431,2024-06-30,Luis,Celular,,,Cartagena
432,2024/05/30,Ana,Audifonos,208.35,4.0,Cartagena
433,02-03-2024,Sofia,Impresora,1268.67,2.0,Cali
434,28-07-2024,Laura,Teclado,983.33,,Cali
435,2024-11-19,Carlos,Laptop,,2.0,Cartagena
436,2024/03/22,Ana,Teclado,,,Barranquilla
437,2024-07-15,Juan,Monitor,2205.44,3.0,Bogotá
438,2024-12-12,,Monitor,,3.0,Bogotá
439,15-07-2024,Camila,Impresora,542.71,,Barranquilla
440,23-09-2024,Andres,Tablet,1329.31,,Cali
441,2024-04-06,Sofia,Laptop,723.83,2.0,Cartagena
442,2024-09-15,Ana,Tablet,2147.77,,Cartagena
443,2024-11-15,Camila,Laptop,2002.81,1.0,Barranquilla
444,2024/08/15,Ana,Impresora,1449.47,2.0,Cali
445,03-08-2024,Ana,Impresora,1887.25,4.0,Cartagena
446,2024-11-12,Luis,Mouse,,2.0,Cali
447,2024-09-24,Carlos,Celular,921.29,,Medellín
448,2024/12/18,Carlos,Monitor,58.08,,Medellín
449,16-02-2024,Ana,Mouse,2719.1,,Cali
450,2024-08-25,Ana,Teclado,,,Barranquilla
451,2024-02-29,Juan,Laptop,2563.4,,Barranquilla
452,2024/11/14,Ana,Tablet,2454.14,,Barranquilla
453,2024/08/21,Sofia,Audifonos,2409.7,1.0,Bucaramanga
454,2024-01-31,Ana,Celular,,,Medellín
455,2024/11/08,Carlos,Laptop,2594.6,,Bogotá
456,2024/07/29,Juan,Mouse,,1.0,Bucaramanga
457,22-06-2024,Andres,Mouse,1326.9,,Bucaramanga
458,12-12-2024,Sofia,Teclado,2525.15,1.0,Cartagena
459,2024/08/28,Pedro,Mouse,,,Cali
460,26-01-2024,Maria,Celular,1239.67,,Barranquilla
461,2024/10/20,Ana,Audifonos,1368.85,4.0,Bogotá
462,2024/07/25,Juan,Laptop,,5.0,Bucaramanga
463,2024/12/09,Carlos,Tablet,2484.67,,Cartagena
464,13-11-2024,Laura,Tablet,2161.94,1.0,Bogotá
465,2024/06/23,,Impresora,,1.0,Medellín
466,2024-09-09,Sofia,Mouse,800.15,2.0,Barranquilla
467,2024/04/20,Maria,Tablet,,1.0,Barranquilla
468,22-08-2024,Camila,Teclado,2893.37,5.0,Cartagena
469,09-08-2024,Laura,Teclado,2090.86,2.0,Barranquilla
470,02-12-2024,Camila,Tablet,,4.0,Cali
471,2024/07/22,Luis,Audifonos,2424.15,,Bucaramanga
472,2024/10/07,Andres,Monitor,,3.0,Bucaramanga
473,2024-11-28,Andres,Tablet,,,Cartagena
474,19-10-2024,Sofia,Impresora,,1.0,Bogotá
475,2024-07-14,Juan,Laptop,639.71,,Medellín
476,01-02-2024,Luis,Monitor,2273.1,,Bogotá
477,11-11-2024,Andres,Monitor,,,Bucaramanga
478,2024-12-06,Sofia,Celular,,5.0,Bogotá
479,2024-05-08,Camila,Audifonos,,5.0,Bucaramanga
480,2024/04/09,Laura,Teclado,2951.19,2.0,Bucaramanga
481,2024-09-20,Sofia,Laptop,,2.0,Cartagena
482,2024-05-10,Carlos,Audifonos,2143.58,1.0,Cali
483,2024-11-01,,Impresora,,,Cartagena
484,2024-04-22,Andres,Mouse,2369.46,,Bogotá
485,2024-06-27,Maria,Tablet,,,Cartagena
486,2024-11-28,Ana,Tablet,1364.72,,Barranquilla
487,2024/02/28,Luis,Impresora,,,Barranquilla
488,2024/01/23,,Monitor,994.92,1.0,Cartagena
489,2024-09-30,,Mouse,671.81,4.0,Medellín
490,02-10-2024,Sofia,Mouse,2253.33,,Bucaramanga
491,2024-06-18,Ana,Mouse,,5.0,Cartagena
492,2024/04/26,Sofia,Celular,,,Bogotá
493,18-07-2024,Ana,Laptop,1942.2,5.0,Bucaramanga
494,2024/02/07,Andres,Mouse,,5.0,Cali
495,2024/08/12,Sofia,Laptop,1448.26,,Cartagena
496,31-05-2024,Pedro,Impresora,,1.0,Bogotá
497,2024-01-22,Camila,Celular,1634.6,3.0,Bucaramanga
498,2024-06-25,Sofia,Teclado,524.82,,Medellín
499,2024-02-28,,Laptop,,5.0,Cali
500,2024-12-09,Luis,Mouse,,,Medellín
501,09-12-2024,Maria,Mouse,891.15,,Barranquilla
502,2024/08/18,Camila,Impresora,2095.7,,Cali
503,2024-08-07,Juan,Tablet,776.22,,Cali
504,09-03-2024,Carlos,Audifonos,,,Cartagena
505,2024-02-25,,Mouse,2533.29,5.0,Cali
506,2024-11-16,Ana,Laptop,2556.28,,Cartagena
507,2024-04-18,Andres,Impresora,,,Barranquilla
508,24-04-2024,Luis,Teclado,1420.87,,Cartagena
509,06-01-2024,Maria,Teclado,2283.76,4.0,Medellín
510,16-10-2024,,Teclado,,3.0,Medellín
511,2024-09-06,Ana,Impresora,1139.83,,Barranquilla
512,2024/08/28,Juan,Laptop,,,Bucaramanga
513,14-05-2024,Andres,Teclado,,3.0,Cartagena
514,2024/05/08,Maria,Celular,,,Cartagena
515,04-01-2024,Pedro,Audifonos,538.54,,Medellín
516,2024-03-17,Pedro,Tablet,1825.96,,Cali
517,2024/02/28,,Audifonos,1463.11,4.0,Medellín
518,2024-01-23,Camila,Teclado,447.44,5.0,Bogotá
519,2024/03/26,Pedro,Celular,1818.1,3.0,Medellín
520,17-08-2024,Laura,Audifonos,,5.0,Cartagena
521,03-04-2024,,Impresora,,4.0,Medellín
522,2024/07/12,Pedro,Mouse,,2.0,Medellín
523,31-08-2024,Camila,Laptop,2639.37,,Bucaramanga
524,07-03-2024,Andres,Laptop,,,Cali
525,23-01-2024,Andres,Celular,,,Cartagena
526,22-12-2024,Ana,Celular,,2.0,Cali
527,02-11-2024,Sofia,Impresora,607.61,5.0,Cartagena
528,2024/01/04,,Monitor,,,Bogotá
529,2024/03/20,,Impresora,,,Cartagena
530,21-05-2024,Sofia,Monitor,,,Cartagena
531,2024/10/11,Luis,Impresora,,2.0,Bucaramanga
532,2024/04/27,Pedro,Mouse,,3.0,Medellín
533,18-07-2024,Juan,Mouse,,,Bogotá
534,2024/02/02,Maria,Tablet,286.12,,Cartagena
535,01-12-2024,Luis,Laptop,2839.86,,Bogotá
536,13-04-2024,Andres,Impresora,624.5,5.0,Bucaramanga
537,2024/01/19,Maria,Laptop,2928.16,,Cali
538,2024/12/08,Sofia,Monitor,1577.34,,Bucaramanga
539,13-10-2024,Carlos,Tablet,,2.0,Barranquilla
540,25-07-2024,Juan,Impresora,566.35,5.0,Cartagena
541,2024/05/30,Ana,Impresora,,,Cartagena
542,2024-09-04,Carlos,Audifonos,2060.7,4.0,Cali
543,2024/02/04,,Monitor,2046.89,,Cali
544,21-09-2024,Juan,Impresora,782.36,,Bogotá
545,2024-10-10,Laura,Tablet,,2.0,Barranquilla
546,2024-04-12,Maria,Impresora,660.0,,Medellín
547,2024-02-24,Ana,Audifonos,1860.79,,Cartagena
548,2024/06/10,Camila,Impresora,,4.0,Cartagena
549,2024-03-06,Andres,Celular,1461.04,,Barranquilla
550,2024-12-17,Laura,Mouse,,3.0,Bogotá
551,2024-12-11,Sofia,Mouse,,,Medellín
552,2024/05/17,Camila,Tablet,,4.0,Barranquilla
553,2024/12/24,Carlos,Celular,874.91,5.0,Cartagena
554,2024-12-17,Ana,Impresora,,4.0,Medellín
555,2024/03/17,Juan,Teclado,1293.49,,Barranquilla
556,2024/06/02,Andres,Laptop,1225.29,1.0,Cali
557,31-08-2024,Ana,Audifonos,,,Cartagena
558,2024/10/12,Carlos,Laptop,,5.0,Cartagena
559,21-10-2024,,Teclado,,,Bucaramanga
560,2024/09/18,Laura,Mouse,,4.0,Medellín
561,2024/11/23,Sofia,Celular,2554.26,1.0,Cali
562,2024/04/26,Carlos,Impresora,,,Cali
563,27-10-2024,Laura,Celular,543.59,2.0,Bucaramanga
564,08-05-2024,Ana,Monitor,542.39,1.0,Barranquilla
565,2024-10-07,Juan,Celular,1595.75,,Cartagena
566,2024-03-20,,Celular,962.64,,Bucaramanga
567,2024-03-05,Andres,Teclado,,,Barranquilla
568,2024/10/03,Andres,Audifonos,448.59,,Bucaramanga
569,21-11-2024,Sofia,Impresora,,5.0,Bogotá
570,2024/08/14,Carlos,Celular,,1.0,Cartagena
571,2024/03/10,Luis,Audifonos,,,Bogotá
572,2024/08/08,Camila,Monitor,,,Cartagena
573,2024/08/11,Maria,Teclado,,4.0,Cali
574,2024/02/10,,Monitor,,,Barranquilla
575,2024-04-06,Pedro,Teclado,,,Cali
576,24-12-2024,Laura,Monitor,995.9,1.0,Medellín
577,2024/02/22,Luis,Teclado,2159.83,2.0,Medellín
578,2024/01/08,Maria,Tablet,,,Bucaramanga
579,2024/01/17,Ana,Teclado,,,Medellín
580,2024/04/08,Sofia,Laptop,409.79,,Medellín
581,2024-01-18,Laura,Mouse,1587.36,,Bucaramanga
582,2024/06/08,Pedro,Laptop,2246.94,,Bucaramanga
583,2024-06-01,Carlos,Laptop,2597.79,1.0,Bucaramanga
584,2024/08/10,Juan,Teclado,2393.45,4.0,Bogotá
585,22-01-2024,Laura,Teclado,1145.63,2.0,Barranquilla
586,16-02-2024,Camila,Tablet,2796.0,,Bucaramanga
587,19-03-2024,Andres,Mouse,421.19,,Barranquilla
588,2024-04-08,Sofia,Tablet,,,Bucaramanga
589,12-08-2024,Luis,Audifonos,609.84,,Cali
590,2024/08/27,Camila,Teclado,253.19,,Cali
591,2024/10/04,Laura,Laptop,,2.0,Cartagena
592,05-07-2024,Maria,Tablet,,,Cartagena
593,19-03-2024,Luis,Tablet,,1.0,Cartagena
594,2024-12-03,Juan,Teclado,576.98,2.0,Barranquilla
595,2024-04-08,Juan,Celular,,,Medellín
596,06-11-2024,Ana,Laptop,2794.12,4.0,Barranquilla
597,2024-11-23,Carlos,Celular,2474.98,,Cartagena
598,21-01-2024,Ana,Impresora,279.91,5.0,Bogotá
599,28-04-2024,Sofia,Monitor,619.7,5.0,Cartagena
600,2024/10/12,Ana,Tablet,,1.0,Medellín
601,2024/10/08,Andres,Tablet,,,Cartagena
602,2024/06/15,Sofia,Celular,,5.0,Cartagena
603,2024-10-06,Sofia,Impresora,,,Bogotá
604,2024/01/18,Camila,Laptop,,,Medellín
605,2024/04/19,Juan,Impresora,2761.38,1.0,Barranquilla
606,2024-07-01,Pedro,Impresora,1132.89,,Cali
607,17-02-2024,Sofia,Monitor,,4.0,Barranquilla
608,19-12-2024,Camila,Mouse,,,Bogotá
609,2024/01/29,Carlos,Celular,1278.74,2.0,Bucaramanga
610,2024/11/19,Juan,Impresora,,5.0,Cali
611,14-09-2024,Maria,Teclado,,4.0,Medellín
612,2024/08/09,Sofia,Teclado,439.96,4.0,Cartagena
613,2024/07/23,Ana,Celular,1530.38,,Cartagena
614,2024/04/11,Sofia,Monitor,1705.44,2.0,Cali
615,2024/08/08,,Mouse,,,Cali
616,2024/04/07,Carlos,Laptop,2320.56,,Cartagena
617,2024/03/15,Juan,Monitor,,2.0,Bogotá
618,2024-01-28,Camila,Teclado,,,Bucaramanga
619,2024/02/26,Laura,Audifonos,117.11,5.0,Medellín
620,06-10-2024,Luis,Audifonos,1887.97,,Cartagena
621,05-12-2024,Juan,Impresora,,,Bogotá
622,26-08-2024,Juan,Mouse,,3.0,Bogotá
623,29-05-2024,Sofia,Monitor,2940.39,,Cartagena
624,2024-09-29,Pedro,Monitor,,5.0,Bogotá
625,06-05-2024,Luis,Tablet,1495.3,,Bucaramanga
626,2024/06/29,,Impresora,,,Barranquilla
627,16-01-2024,Luis,Monitor,,2.0,Bucaramanga
628,14-07-2024,,Monitor,1281.13,,Cartagena
629,2024/06/17,Andres,Teclado,659.93,5.0,Medellín
630,07-06-2024,Andres,Teclado,1318.69,5.0,Cali
631,04-02-2024,Andres,Mouse,593.2,,Barranquilla
632,2024/07/29,Laura,Impresora,498.27,1.0,Medellín
633,14-01-2024,Camila,Impresora,1836.53,5.0,Medellín
634,2024-12-17,Carlos,Mouse,,,Bucaramanga
635,2024/11/28,Pedro,Celular,1499.76,2.0,Medellín
636,2024/01/17,Juan,Impresora,2853.08,2.0,Bogotá
637,2024/03/31,Camila,Audifonos,,,Barranquilla
638,22-01-2024,Sofia,Tablet,1212.74,5.0,Barranquilla
639,2024-08-21,Maria,Celular,2952.3,,Cartagena
640,2024-11-18,Maria,Impresora,,,Medellín
641,2024/08/04,Camila,Laptop,2085.36,,Bogotá
642,2024-09-13,Pedro,Teclado,,4.0,Medellín
643,20-08-2024,Maria,Audifonos,,2.0,Bogotá
644,28-02-2024,Laura,Tablet,,5.0,Barranquilla
645,2024/10/08,Juan,Teclado,2741.15,2.0,Medellín
646,2024-12-30,Sofia,Impresora,,3.0,Bogotá
647,2024-03-08,Juan,Impresora,,4.0,Cartagena
648,2024-09-09,Maria,Audifonos,,1.0,Medellín
649,2024/10/07,Camila,Monitor,194.31,,Bogotá
650,2024-03-15,,Impresora,1026.78,1.0,Barranquilla
651,2024-04-01,,Impresora,1852.71,,Bogotá
652,2024/02/17,Carlos,Tablet,2697.71,4.0,Cali
653,2024-08-29,Ana,Impresora,,5.0,Bucaramanga
654,17-04-2024,Juan,Mouse,1735.53,,Barranquilla
655,2024/11/07,Luis,Tablet,,,Barranquilla
656,02-04-2024,Maria,Impresora,2938.81,1.0,Barranquilla
657,2024-11-16,Maria,Celular,,3.0,Bogotá
658,2024-11-23,Luis,Impresora,,,Bogotá
659,28-02-2024,Carlos,Tablet,1218.35,2.0,Cali
660,22-06-2024,Laura,Audifonos,2401.9,4.0,Bucaramanga
661,23-08-2024,Carlos,Audifonos,,,Cartagena
662,2024/12/13,Andres,Laptop,,3.0,Medellín
663,2024-05-23,Carlos,Celular,1898.21,,Medellín
664,2024-10-31,Luis,Tablet,,4.0,Barranquilla
665,2024/05/01,Laura,Impresora,,2.0,Cali
666,2024-01-20,Ana,Audifonos,,5.0,Medellín
667,2024/06/23,Andres,Impresora,2337.82,1.0,Medellín
668,2024/01/19,Sofia,Mouse,62.12,5.0,Cali
669,2024-08-27,Ana,Impresora,,,Medellín
670,2024/04/08,Luis,Tablet,2329.72,3.0,Medellín
671,2024-05-20,Juan,Mouse,,,Cali
672,13-03-2024,Luis,Monitor,,,Cartagena
673,2024-08-15,Pedro,Laptop,1438.67,,Bogotá
674,2024/02/14,Sofia,Teclado,,,Cali
675,2024-06-19,,Mouse,,5.0,Bogotá
676,2024/12/23,Ana,Audifonos,,4.0,Medellín
677,14-03-2024,Luis,Tablet,,,Barranquilla
678,2024-01-16,Laura,Mouse,,,Cali
679,05-11-2024,Pedro,Mouse,1246.77,3.0,Cali
680,2024/09/29,Sofia,Celular,753.8,5.0,Barranquilla
681,2024-07-15,Carlos,Monitor,,,Cartagena
682,2024-12-21,Pedro,Mouse,,,Cali
683,2024-10-11,Laura,Teclado,,1.0,Bucaramanga
684,2024/11/01,Carlos,Audifonos,1952.72,1.0,Medellín
685,24-10-2024,Juan,Teclado,,,Barranquilla
686,11-11-2024,Laura,Monitor,,,Barranquilla
687,2024-06-25,Camila,Laptop,,,Bogotá
688,08-07-2024,Juan,Laptop,,,Bogotá
689,2024/04/30,Camila,Celular,,,Barranquilla
690,2024-10-06,,Teclado,1450.87,,Cali
691,2024-08-01,Luis,Teclado,446.12,1.0,Bucaramanga
692,06-09-2024,Sofia,Teclado,,,Cartagena
693,2024/04/02,Andres,Celular,,,Medellín
694,2024/04/05,Camila,Laptop,1754.92,,Barranquilla
695,06-10-2024,Carlos,Laptop,,3.0,Cartagena
696,03-09-2024,Ana,Teclado,,4.0,Cartagena
697,2024-11-08,Maria,Audifonos,1910.46,,Cartagena
698,2024/01/28,Andres,Laptop,,,Barranquilla
699,2024/06/29,Luis,Teclado,,,Bogotá
700,2024/11/18,Camila,Teclado,,5.0,Cali
701,2024-09-05,Pedro,Mouse,,3.0,Cartagena
702,2024/05/23,Luis,Laptop,2237.22,5.0,Bucaramanga
703,2024/08/16,Pedro,Impresora,2358.46,4.0,Cartagena
704,2024/01/17,Ana,Teclado,1806.86,,Barranquilla
705,01-05-2024,Laura,Teclado,,,Bogotá
706,2024-01-27,Laura,Celular,,5.0,Barranquilla
707,15-12-2024,Sofia,Audifonos,,,Barranquilla
708,14-07-2024,Carlos,Laptop,,,Cali
709,2024/05/18,Ana,Impresora,,4.0,Bucaramanga
710,10-12-2024,Maria,Tablet,2049.27,3.0,Bucaramanga
711,2024-01-05,Juan,Celular,338.21,,Medellín
712,2024/05/25,Maria,Laptop,119.92,1.0,Cartagena
713,2024-11-22,Ana,Mouse,2576.5,4.0,Bogotá
714,2024-12-22,Luis,Impresora,1427.52,,Barranquilla
715,20-12-2024,Carlos,Impresora,527.8,3.0,Barranquilla
716,2024/07/17,Juan,Impresora,,,Bogotá
717,2024-09-08,Camila,Celular,,1.0,Cartagena
718,2024-08-08,Camila,Mouse,,1.0,Bogotá
719,06-02-2024,Luis,Audifonos,,2.0,Bogotá
720,2024/12/06,Luis,Teclado,,5.0,Cartagena
721,2024/12/28,Laura,Celular,1241.54,5.0,Bogotá
722,15-07-2024,Laura,Mouse,,,Barranquilla
723,29-01-2024,,Mouse,,,Cali
724,2024-11-27,Pedro,Laptop,2904.16,,Bogotá
725,18-11-2024,Carlos,Audifonos,,2.0,Bogotá
726,2024-04-08,Camila,Monitor,1493.24,,Barranquilla
727,2024/09/30,Juan,Laptop,,,Bogotá
728,18-04-2024,,Audifonos,2823.26,5.0,Bogotá
729,19-01-2024,Pedro,Audifonos,,5.0,Medellín
730,25-12-2024,Pedro,Laptop,558.13,3.0,Barranquilla
731,2024-11-08,Camila,Mouse,2462.51,,Cartagena
732,2024-11-11,Ana,Monitor,,3.0,Bucaramanga
733,21-10-2024,Pedro,Tablet,2517.46,1.0,Cali
734,2024-02-02,Luis,Teclado,2284.77,3.0,Barranquilla
735,04-05-2024,Juan,Teclado,,2.0,Barranquilla
736,2024-02-11,Juan,Teclado,,,Bucaramanga
737,2024-03-05,Pedro,Impresora,,2.0,Cartagena
738,2024-12-20,Camila,Teclado,2165.74,,Barranquilla
739,03-01-2024,Maria,Monitor,396.65,,Cartagena
740,2024-09-16,Laura,Monitor,865.46,1.0,Bucaramanga
741,2024/08/30,Pedro,Teclado,2026.92,,Cali
742,2024/04/17,Luis,Tablet,,1.0,Bucaramanga
743,27-01-2024,Pedro,Teclado,,5.0,Bogotá
744,30-04-2024,Laura,Tablet,,2.0,Cali
745,2024-04-26,Maria,Celular,,2.0,Barranquilla
746,2024/10/26,Juan,Celular,,,Cali
747,2024/03/10,Maria,Tablet,2927.89,3.0,Bogotá
748,20-12-2024,Juan,Impresora,,,Medellín
749,2024-06-24,Luis,Teclado,2379.16,5.0,Bogotá
750,29-07-2024,Laura,Monitor,,3.0,Bucaramanga
751,07-08-2024,Maria,Monitor,1015.52,5.0,Cartagena
752,2024/01/03,Juan,Laptop,2974.26,,Barranquilla
753,2024-12-22,Laura,Audifonos,759.51,4.0,Medellín
754,2024/07/02,Maria,Mouse,,,Cartagena
755,2024-10-25,Laura,Audifonos,,,Bucaramanga
756,25-08-2024,,Laptop,2588.13,,Cartagena
757,2024/01/17,Sofia,Impresora,2109.26,,Bucaramanga
758,29-01-2024,,Tablet,2669.53,,Barranquilla
759,2024-11-12,Carlos,Tablet,567.04,5.0,Medellín
760,2024-06-20,Andres,Mouse,1964.66,,Cali
761,16-05-2024,,Celular,867.58,,Barranquilla
762,05-09-2024,Andres,Mouse,,,Bucaramanga
763,2024-12-20,Maria,Audifonos,,,Bogotá
764,2024-02-25,Luis,Mouse,,2.0,Cartagena
765,2024-11-17,Luis,Celular,2910.25,,Barranquilla
766,15-08-2024,,Laptop,909.97,1.0,Cartagena
767,2024/11/26,Sofia,Tablet,,,Barranquilla
768,04-06-2024,Pedro,Impresora,,,Cali
769,2024-05-27,Pedro,Tablet,888.93,5.0,Bucaramanga
770,2024/10/01,Pedro,Teclado,2526.03,2.0,Bogotá
771,2024/01/22,Camila,Teclado,,2.0,Cartagena
772,2024-12-28,,Tablet,2935.17,,Cartagena
773,24-03-2024,Luis,Mouse,,4.0,Barranquilla
774,2024-06-12,Juan,Tablet,,,Cartagena
775,2024-12-07,Camila,Audifonos,1049.12,4.0,Medellín
776,13-12-2024,Ana,Impresora,123.15,,Bogotá
777,2024-06-16,Camila,Monitor,1771.12,3.0,Bogotá
778,12-02-2024,Laura,Mouse,,,Cali
779,04-11-2024,Andres,Laptop,,4.0,Bucaramanga
780,2024/08/06,Sofia,Tablet,,,Barranquilla
781,2024-10-14,Maria,Audifonos,,,Medellín
782,05-08-2024,Sofia,Teclado,2514.76,2.0,Cali
783,31-08-2024,Carlos,Mouse,,1.0,Barranquilla
784,2024/11/23,Sofia,Teclado,1689.65,2.0,Barranquilla
785,28-05-2024,Laura,Laptop,,,Barranquilla
786,13-10-2024,Laura,Monitor,129.18,,Cali
787,23-11-2024,Laura,Mouse,,4.0,Barranquilla
788,18-12-2024,Maria,Laptop,,4.0,Cartagena
789,04-07-2024,Laura,Celular,,,Cartagena
790,2024-10-21,Luis,Teclado,1765.88,,Bucaramanga
791,2024/03/10,Pedro,Laptop,,3.0,Cali
792,29-05-2024,,Mouse,1565.91,1.0,Cartagena
793,2024/06/14,,Impresora,,,Medellín
794,2024-01-07,Andres,Impresora,,,Medellín
795,2024-02-22,Pedro,Monitor,2503.14,,Bogotá
796,2024-02-29,Juan,Audifonos,,,Cartagena
797,2024/09/24,Pedro,Impresora,134.84,2.0,Bucaramanga
798,13-03-2024,Maria,Impresora,419.77,,Bucaramanga
799,2024-02-27,Juan,Audifonos,2284.14,2.0,Bogotá
800,03-12-2024,Camila,Laptop,,1.0,Cali
801,2024-12-07,Ana,Mouse,2764.29,5.0,Medellín
802,2024/12/09,Juan,Mouse,,,Cali
803,23-03-2024,Camila,Monitor,1539.48,1.0,Cartagena
804,21-04-2024,Maria,Impresora,556.73,1.0,Cartagena
805,2024/12/28,Carlos,Teclado,1347.01,,Barranquilla
806,2024-08-05,Andres,Monitor,,,Bogotá
807,2024-09-23,Laura,Tablet,2128.96,,Barranquilla
808,2024/02/29,Luis,Audifonos,,4.0,Cartagena
809,2024/07/27,Sofia,Monitor,,3.0,Bogotá
810,2024/12/11,,Mouse,1219.29,1.0,Barranquilla
811,24-07-2024,Camila,Mouse,2237.22,,Medellín
812,2024-06-22,Camila,Celular,,,Bucaramanga
813,24-10-2024,Luis,Celular,,,Medellín
814,2024-08-20,Ana,Impresora,1493.56,2.0,Bogotá
815,2024-01-28,Laura,Laptop,,,Medellín
816,04-06-2024,Camila,Mouse,,4.0,Cali
817,2024/12/04,Laura,Impresora,1650.19,,Bogotá
818,2024/07/15,Carlos,Celular,1355.54,1.0,Cartagena
819,2024/12/03,Pedro,Audifonos,,,Bogotá
820,18-10-2024,Laura,Audifonos,1453.94,5.0,Barranquilla
821,2024/05/14,Camila,Celular,,,Bogotá
822,15-01-2024,Juan,Teclado,,5.0,Bucaramanga
823,2024/06/23,Ana,Celular,,,Bogotá
824,2024-12-04,Maria,Monitor,1961.84,,Bogotá
825,2024-06-21,Juan,Tablet,,,Cali
826,11-01-2024,Laura,Laptop,,,Cali
827,2024-10-20,Laura,Mouse,2088.05,,Cartagena
828,2024/12/07,Pedro,Impresora,,,Bucaramanga
829,08-02-2024,Maria,Impresora,,,Medellín
830,15-11-2024,Ana,Mouse,,,Barranquilla
831,2024/04/17,Ana,Impresora,,,Medellín
832,2024/07/31,Luis,Audifonos,2031.1,1.0,Cartagena
833,2024-09-12,,Audifonos,,5.0,Cartagena
834,2024/04/12,Laura,Teclado,,,Cali
835,02-02-2024,Maria,Celular,,,Bucaramanga
836,2024-11-03,Sofia,Monitor,385.0,1.0,Cali
837,2024/08/25,Andres,Celular,1294.96,2.0,Cali
838,2024-03-10,Luis,Impresora,1993.08,,Bogotá
839,2024-01-29,Carlos,Impresora,,3.0,Barranquilla
840,2024-03-12,Ana,Mouse,,4.0,Medellín
841,2024-11-03,Carlos,Tablet,,,Medellín
842,2024-03-14,Pedro,Monitor,,,Cartagena
843,2024/01/29,Andres,Tablet,2113.87,,Barranquilla
844,2024-12-15,Luis,Teclado,,3.0,Bucaramanga
845,2024-11-06,,Laptop,2087.51,,Cali
846,23-11-2024,Carlos,Mouse,1627.99,,Bogotá
847,2024/07/20,Luis,Mouse,2812.15,3.0,Medellín
848,12-08-2024,Carlos,Celular,,,Barranquilla
849,2024/07/30,Sofia,Mouse,,5.0,Cali
850,03-08-2024,Andres,Tablet,1387.12,1.0,Bucaramanga
851,15-08-2024,Pedro,Laptop,,3.0,Bogotá
852,2024-03-21,Andres,Teclado,,,Barranquilla
853,2024/03/09,Pedro,Tablet,2408.61,,Cali
854,2024/04/03,Sofia,Monitor,111.17,5.0,Bogotá
855,2024-08-24,Luis,Teclado,,,Medellín
856,2024/02/15,Pedro,Mouse,,,Bogotá
857,24-04-2024,Maria,Monitor,,,Barranquilla
858,2024/03/07,Maria,Monitor,,,Medellín
859,2024-07-28,Juan,Impresora,2929.58,,Medellín
860,08-07-2024,,Audifonos,,,Bucaramanga
861,22-07-2024,Maria,Celular,,1.0,Cartagena
862,2024-01-31,Carlos,Monitor,,5.0,Bogotá
863,09-05-2024,Camila,Celular,,3.0,Cartagena
864,22-01-2024,Pedro,Impresora,,,Medellín
865,2024/02/15,Andres,Celular,468.3,3.0,Medellín
866,2024/09/12,Carlos,Celular,,,Cartagena
867,2024/06/09,Pedro,Tablet,,,Bogotá
868,2024-04-06,Juan,Monitor,,3.0,Bucaramanga
869,2024/08/27,Ana,Audifonos,,,Barranquilla
870,2024-09-09,Pedro,Mouse,1081.33,3.0,Medellín
871,2024/09/17,Camila,Monitor,1771.46,5.0,Barranquilla
872,2024-02-09,Laura,Mouse,2667.73,3.0,Barranquilla
873,10-07-2024,Ana,Tablet,503.64,,Barranquilla
874,2024/11/17,Camila,Laptop,1021.81,,Cali
875,2024-10-18,Maria,Laptop,,3.0,Bucaramanga
876,06-02-2024,Camila,Celular,,2.0,Barranquilla
877,2024-02-15,Maria,Teclado,,3.0,Bogotá
878,2024/06/01,Sofia,Impresora,2716.02,3.0,Cali
879,2024-09-19,Laura,Audifonos,,,Bogotá
880,2024/08/04,Camila,Teclado,,1.0,Cartagena
881,2024/06/23,,Monitor,1960.45,4.0,Cali
882,2024/08/27,Ana,Audifonos,936.16,3.0,Cartagena
883,2024/08/06,Camila,Laptop,1675.43,5.0,Cartagena
884,2024/08/05,Ana,Audifonos,,,Cartagena
885,11-02-2024,Juan,Mouse,,2.0,Barranquilla
886,2024-01-24,Sofia,Impresora,,,Cali
887,2024-04-05,Pedro,Mouse,,,Cartagena
888,2024-01-10,Sofia,Mouse,,,Bucaramanga
889,04-11-2024,Laura,Impresora,,,Bogotá
890,2024-03-05,Juan,Monitor,380.14,2.0,Medellín
891,03-09-2024,Pedro,Monitor,1335.58,,Barranquilla
892,2024/03/16,Sofia,Laptop,393.55,,Barranquilla
893,2024/01/11,Camila,Monitor,,,Bogotá
894,22-02-2024,Sofia,Celular,,,Barranquilla
895,05-09-2024,Camila,Audifonos,734.12,5.0,Barranquilla
896,2024/10/22,Andres,Mouse,,4.0,Barranquilla
897,14-11-2024,Carlos,Audifonos,2107.67,,Bucaramanga
898,2024/04/08,Carlos,Audifonos,734.7,,Cartagena
899,2024/12/02,Pedro,Impresora,,,Barranquilla
900,23-03-2024,Maria,Impresora,2087.56,4.0,Medellín
901,2024-04-12,Camila,Audifonos,,,Medellín
902,17-04-2024,Juan,Laptop,,3.0,Medellín
903,2024-09-14,Ana,Tablet,1320.33,1.0,Barranquilla
904,2024/05/12,Carlos,Laptop,,2.0,Bucaramanga
905,2024/01/26,Laura,Mouse,2925.25,5.0,Cartagena
906,2024-02-23,,Mouse,,,Bucaramanga
907,14-08-2024,Laura,Mouse,,3.0,Bogotá
908,2024/04/13,Sofia,Laptop,,,Cartagena
909,2024-03-28,Luis,Tablet,,3.0,Medellín
910,2024/09/28,Maria,Teclado,,,Cartagena
911,2024/12/15,Juan,Audifonos,479.47,5.0,Bogotá
912,2024/06/22,Sofia,Teclado,,1.0,Cartagena
913,30-01-2024,,Impresora,,,Bogotá
914,23-05-2024,Camila,Teclado,,,Bucaramanga
915,25-06-2024,Sofia,Monitor,2648.88,,Barranquilla
916,05-03-2024,Andres,Impresora,,,Bucaramanga
917,2024-03-22,Juan,Impresora,,4.0,Bucaramanga
918,2024/01/31,Luis,Tablet,415.25,,Cartagena
919,2024/01/03,Carlos,Monitor,2425.89,,Cali
920,07-12-2024,Camila,Teclado,2157.34,,Cartagena
921,2024-10-25,Carlos,Audifonos,,4.0,Bogotá
922,2024/02/01,Pedro,Audifonos,683.61,,Cartagena
923,13-10-2024,Sofia,Impresora,,,Bucaramanga
924,2024-08-01,Pedro,Teclado,,2.0,Bucaramanga
925,2024/04/18,Laura,Laptop,,,Bogotá
926,2024/03/02,Camila,Impresora,168.83,,Cali
927,2024/07/10,Luis,Audifonos,132.53,,Bogotá
928,2024/06/05,Maria,Teclado,,1.0,Cartagena
929,2024-06-27,Juan,Celular,,,Cali
930,2024/07/12,Camila,Teclado,,,Medellín
931,2024-06-15,Camila,Celular,,3.0,Bucaramanga
932,14-08-2024,Luis,Mouse,2604.56,,Cartagena
933,2024-11-26,,Mouse,617.66,5.0,Barranquilla
934,2024-09-14,Ana,Teclado,,2.0,Bucaramanga
935,2024/10/23,Ana,Tablet,1235.3,4.0,Cali
936,2024-08-11,Sofia,Laptop,,,Bogotá
937,2024-02-28,Andres,Teclado,891.79,3.0,Medellín
938,2024/06/06,,Teclado,,2.0,Bucaramanga
939,2024/01/30,Sofia,Mouse,,,Barranquilla
940,2024-03-02,Maria,Monitor,2268.79,,Bogotá
941,2024-05-17,Carlos,Audifonos,1681.71,4.0,Barranquilla
942,2024-11-20,Juan,Impresora,1684.52,2.0,Cali
943,2024/10/17,Laura,Mouse,2546.52,,Cartagena
944,2024-03-27,Andres,Celular,,1.0,Barranquilla
945,2024/11/13,,Teclado,,,Bucaramanga
946,2024/07/13,,Monitor,,1.0,Bucaramanga
947,30-09-2024,Ana,Impresora,314.66,,Barranquilla
948,17-04-2024,Andres,Tablet,,,Cali
949,05-05-2024,Carlos,Tablet,,1.0,Bucaramanga
950,02-01-2024,Laura,Laptop,2709.26,,Barranquilla
951,2024-10-02,,Mouse,,,Barranquilla
952,2024/11/03,Sofia,Teclado,2525.48,,Cali
953,2024/04/08,Juan,Monitor,,3.0,Bogotá
954,10-11-2024,Luis,Monitor,,3.0,Cali
955,09-09-2024,Camila,Monitor,,,Cartagena
956,2024/09/13,Pedro,Monitor,1996.52,1.0,Bucaramanga
957,2024-02-03,Luis,Monitor,,2.0,Bucaramanga
958,13-12-2024,Camila,Impresora,,,Bucaramanga
959,10-12-2024,Juan,Tablet,,3.0,Bucaramanga
960,2024/09/22,Laura,Tablet,1575.91,2.0,Cali
961,03-08-2024,Laura,Tablet,65.22,3.0,Cartagena
962,13-01-2024,Maria,Celular,2875.44,2.0,Cali
963,2024-06-08,,Mouse,,,Cali
964,2024-05-06,Laura,Monitor,2878.47,3.0,Bogotá
965,03-11-2024,Laura,Mouse,1894.78,1.0,Bogotá
966,2024/07/12,Ana,Teclado,,,Cartagena
967,2024/11/16,Ana,Mouse,2048.82,,Barranquilla
968,19-02-2024,Sofia,Monitor,2600.52,,Barranquilla
969,07-08-2024,Camila,Mouse,1051.87,,Cartagena
970,2024-04-08,Ana,Laptop,1805.77,5.0,Cartagena
971,05-03-2024,Andres,Impresora,,,Medellín
972,2024-05-04,Juan,Laptop,,,Cali
973,25-10-2024,Pedro,Teclado,,,Bogotá
974,22-09-2024,,Teclado,219.09,,Medellín
975,12-04-2024,Maria,Mouse,,,Cartagena
976,2024/10/16,Camila,Impresora,1285.15,,Bogotá
977,2024-09-10,Juan,Monitor,,5.0,Medellín
978,03-09-2024,Carlos,Celular,655.68,,Bogotá
979,2024/02/07,Juan,Mouse,,,Bogotá
980,2024-01-16,Maria,Impresora,,,Cartagena
981,2024-05-05,Maria,Laptop,,1.0,Bucaramanga
982,2024/03/11,,Mouse,1048.23,,Medellín
983,2024/07/08,,Teclado,,1.0,Medellín
984,2024-03-07,Maria,Celular,,,Bucaramanga
985,2024-05-05,Camila,Monitor,,,Medellín
986,28-01-2024,Luis,Teclado,,2.0,Barranquilla
987,05-12-2024,Ana,Teclado,,,Medellín
988,13-06-2024,Carlos,Audifonos,,,Cartagena
989,24-07-2024,Camila,Laptop,661.24,4.0,Barranquilla
990,2024/04/21,Sofia,Celular,,3.0,Medellín
991,2024/02/13,Laura,Tablet,729.02,,Barranquilla
992,2024/08/18,Sofia,Celular,,,Barranquilla
993,2024-01-13,Laura,Monitor,833.59,3.0,Cali
994,13-09-2024,Andres,Mouse,2368.33,1.0,Bogotá
995,2024-07-03,Andres,Monitor,,,Bucaramanga
996,2024/12/15,Maria,Teclado,,,Cali
997,2024/06/26,Sofia,Laptop,1442.41,4.0,Medellín
998,2024/04/17,Maria,Audifonos,,3.0,Cali
999,2024/04/06,Sofia,Monitor,1344.11,3.0,Cartagena
1000,2024/03/06,Juan,Audifonos,,3.0,Barranquilla
1001,05-08-2024,Sofia,Impresora,1011.93,5.0,Medellín
1002,2024/03/19,Camila,Celular,2941.51,4.0,Cartagena
1003,2024-07-16,Laura,Mouse,,3.0,Medellín
1004,23-02-2024,Andres,Teclado,,1.0,Medellín
1005,2024/02/05,Luis,Monitor,737.47,4.0,Cali
1006,2024-09-22,Pedro,Tablet,,4.0,Bogotá
1007,07-03-2024,Sofia,Audifonos,,2.0,Medellín
1008,2024/06/07,,Audifonos,,5.0,Cartagena
1009,2024/12/16,Luis,Monitor,71.96,4.0,Barranquilla
1010,2024-11-05,Andres,Tablet,,,Cartagena
1011,21-01-2024,Ana,Impresora,,,Barranquilla
1012,2024-11-09,Sofia,Monitor,,,Bucaramanga
1013,03-04-2024,Camila,Mouse,1210.98,2.0,Cali
1014,17-11-2024,Luis,Mouse,2109.23,,Cartagena
1015,2024/03/03,Ana,Mouse,,,Medellín
1016,2024-05-09,Andres,Laptop,1413.39,,Cali
1017,2024-07-23,Sofia,Laptop,81.68,,Bucaramanga
1018,2024/08/25,Laura,Mouse,293.52,4.0,Barranquilla
1019,2024-05-22,Pedro,Laptop,1840.62,3.0,Cartagena
1020,2024-07-19,Ana,Laptop,2048.28,,Medellín
1021,20-04-2024,Juan,Monitor,1354.07,5.0,Barranquilla
1022,2024/12/19,Laura,Laptop,1814.71,4.0,Medellín
1023,2024-07-10,Maria,Mouse,97.31,,Medellín
1024,14-12-2024,Ana,Monitor,2878.3,2.0,Bogotá
1025,31-07-2024,Ana,Tablet,1001.9,5.0,Cartagena
1026,2024/07/21,Ana,Monitor,,3.0,Bogotá
1027,24-07-2024,Carlos,Laptop,,2.0,Bucaramanga
1028,22-05-2024,Camila,Tablet,179.62,,Cartagena
1029,2024-09-12,Andres,Teclado,793.22,,Bucaramanga
1030,2024/12/22,,Teclado,,4.0,Cali
1031,10-01-2024,Camila,Audifonos,1178.0,5.0,Medellín
1032,11-01-2024,Ana,Impresora,,2.0,Bogotá
1033,2024/03/11,Laura,Impresora,,2.0,Medellín
1034,2024/11/02,Carlos,Teclado,870.47,,Bucaramanga
1035,2024-05-27,Maria,Tablet,1061.05,5.0,Bucaramanga
1036,07-05-2024,Maria,Celular,1588.34,4.0,Bogotá
1037,2024-09-08,Maria,Laptop,1921.38,2.0,Bogotá
1038,29-03-2024,Andres,Monitor,747.11,,Cali
1039,25-03-2024,Maria,Monitor,1300.85,,Cartagena
1040,17-08-2024,Maria,Impresora,,,Barranquilla
1041,2024-07-12,Laura,Audifonos,,,Bogotá
1042,2024/07/14,Ana,Impresora,1805.79,5.0,Cali
1043,2024/07/13,Luis,Audifonos,,,Medellín
1044,2024-08-28,Pedro,Monitor,,,Barranquilla
1045,21-07-2024,Carlos,Celular,1494.18,4.0,Bogotá
1046,16-07-2024,Pedro,Monitor,,,Bucaramanga
1047,2024/12/18,Juan,Celular,2783.23,,Bogotá
1048,04-07-2024,,Laptop,2107.54,,Bucaramanga
1049,2024/03/16,Maria,Teclado,86.4,,Bucaramanga
1050,2024-10-27,Andres,Monitor,2634.22,,Bucaramanga
1051,03-06-2024,Andres,Celular,,1.0,Bucaramanga
1052,2024/10/20,Pedro,Impresora,,3.0,Medellín
1053,2024-09-08,Ana,Mouse,,,Bucaramanga
1054,27-05-2024,Sofia,Teclado,570.38,2.0,Barranquilla
1055,03-04-2024,Ana,Audifonos,1722.92,2.0,Bogotá
1056,2024-04-03,Luis,Celular,1350.15,2.0,Cali
1057,2024/02/13,Ana,Impresora,239.57,5.0,Barranquilla
1058,05-09-2024,Ana,Laptop,230.12,5.0,Bogotá
1059,18-04-2024,Juan,Celular,,,Cali
1060,2024/11/05,Carlos,Tablet,,3.0,Cali
1061,2024/12/06,Sofia,Laptop,,1.0,Barranquilla
1062,2024/12/23,Pedro,Laptop,,,Barranquilla
1063,12-11-2024,,Audifonos,1569.0,,Bogotá
1064,2024/11/20,Juan,Tablet,2049.89,,Barranquilla
1065,2024-11-09,Carlos,Celular,,,Cali
1066,2024-11-06,Pedro,Laptop,427.19,,Medellín
1067,2024-08-16,Laura,Monitor,767.9,1.0,Barranquilla
1068,2024-01-15,Carlos,Celular,2310.61,,Bucaramanga
1069,04-03-2024,Pedro,Audifonos,,2.0,Bucaramanga
1070,2024/06/24,Sofia,Celular,2434.92,3.0,Cali
1071,2024-02-14,Ana,Tablet,2234.71,,Medellín
1072,2024/06/09,Camila,Laptop,966.86,,Cali
1073,05-07-2024,Pedro,Monitor,364.43,,Cali
1074,2024/03/15,Maria,Audifonos,2055.94,,Medellín
1075,06-12-2024,Juan,Tablet,961.23,,Bucaramanga
1076,2024/04/20,Luis,Celular,,2.0,Bucaramanga
1077,25-04-2024,Juan,Teclado,,3.0,Bogotá
1078,2024/10/07,Carlos,Celular,,,Bogotá
1079,27-09-2024,Luis,Impresora,2104.31,,Bogotá
1080,2024/03/08,Camila,Laptop,,4.0,Cartagena
1081,2024/03/11,Laura,Impresora,2696.79,2.0,Bucaramanga
1082,2024-11-29,Carlos,Mouse,2051.04,,Bucaramanga
1083,2024-03-27,Ana,Tablet,2923.77,1.0,Cartagena
1084,2024/11/28,Camila,Celular,,2.0,Bogotá
1085,2024/05/03,Laura,Impresora,2079.55,4.0,Barranquilla
1086,2024/11/28,Luis,Audifonos,1133.6,1.0,Bogotá
1087,07-09-2024,,Monitor,,3.0,Cartagena
1088,2024/04/02,Laura,Celular,930.17,,Bogotá
1089,31-12-2024,Pedro,Celular,2447.96,,Bogotá
1090,22-09-2024,Andres,Mouse,2272.85,1.0,Cartagena
1091,2024-12-21,Juan,Audifonos,2411.51,1.0,Cartagena
1092,15-04-2024,Pedro,Mouse,1709.36,1.0,Cartagena
1093,2024/06/01,Andres,Teclado,1298.0,,Bogotá
1094,2024/09/22,,Audifonos,,,Cartagena
1095,02-10-2024,Maria,Mouse,2004.72,2.0,Medellín
1096,2024/03/13,Maria,Teclado,1826.33,,Cali
1097,06-03-2024,Camila,Celular,,,Bucaramanga
1098,2024/03/24,Laura,Mouse,,2.0,Bogotá
1099,18-11-2024,Luis,Monitor,2157.61,4.0,Cali
1100,2024/08/10,Juan,Monitor,278.7,5.0,Bucaramanga
1101,2024/10/07,Ana,Tablet,,,Medellín
1102,2024/04/25,Juan,Mouse,1162.61,4.0,Bogotá
1103,30-03-2024,Luis,Audifonos,,,Cartagena
1104,18-05-2024,Ana,Laptop,,,Bucaramanga
1105,13-12-2024,Andres,Celular,1456.74,3.0,Bucaramanga
1106,19-09-2024,Pedro,Teclado,,,Bucaramanga
1107,07-05-2024,Camila,Celular,2135.02,,Barranquilla
1108,2024/09/14,Luis,Celular,1585.75,3.0,Cali
1109,2024/07/27,Ana,Mouse,276.24,1.0,Cartagena
1110,2024-01-30,Luis,Audifonos,2434.62,4.0,Barranquilla
1111,11-09-2024,,Mouse,1246.14,,Bucaramanga
1112,30-09-2024,Carlos,Monitor,2982.95,,Medellín
1113,11-12-2024,Maria,Teclado,271.61,,Bogotá
1114,2024/08/04,Sofia,Teclado,1151.19,3.0,Cartagena
1115,2024/03/01,Luis,Audifonos,915.96,,Medellín
1116,05-06-2024,Andres,Laptop,,,Bogotá
1117,2024/11/11,Carlos,Impresora,1093.98,3.0,Barranquilla
1118,2024-06-30,Ana,Celular,1501.54,5.0,Barranquilla
1119,2024/03/04,Juan,Teclado,,,Barranquilla
1120,2024/07/10,Carlos,Celular,,,Bucaramanga
1121,2024-08-12,Pedro,Tablet,2253.92,3.0,Bogotá
1122,2024/04/07,Juan,Teclado,,1.0,Bucaramanga
1123,2024/04/11,,Impresora,,,Bucaramanga
1124,2024-12-31,Carlos,Celular,,2.0,Bogotá
1125,2024-01-11,Pedro,Tablet,1525.0,,Barranquilla
1126,01-11-2024,Juan,Celular,,4.0,Barranquilla
1127,06-05-2024,Pedro,Teclado,785.93,3.0,Bucaramanga
1128,2024-08-07,Laura,Mouse,2118.38,2.0,Medellín
1129,2024-03-02,Sofia,Laptop,857.89,,Bogotá
1130,2024-11-11,Ana,Laptop,,2.0,Cali
1131,2024/08/06,Juan,Celular,,,Cali
1132,2024/05/23,Sofia,Monitor,993.53,2.0,Bogotá
1133,27-01-2024,Carlos,Monitor,,5.0,Barranquilla
1134,2024/04/04,Laura,Tablet,1036.13,1.0,Bucaramanga
1135,2024-10-09,Carlos,Tablet,,,Medellín
1136,2024/11/28,Maria,Celular,307.33,2.0,Bogotá
1137,27-10-2024,Maria,Monitor,2128.75,,Cali
1138,2024-08-30,Andres,Teclado,179.24,,Cartagena
1139,2024/06/26,Laura,Mouse,2737.01,,Cartagena
1140,2024-09-14,Pedro,Impresora,2105.28,3.0,Cartagena
1141,01-02-2024,Maria,Celular,1510.33,,Cartagena
1142,15-07-2024,Sofia,Celular,1841.29,2.0,Medellín
1143,2024-10-19,Camila,Laptop,,,Cali
1144,2024/04/22,Luis,Mouse,554.77,5.0,Cali
1145,21-01-2024,Pedro,Impresora,,1.0,Medellín
1146,2024-09-30,Juan,Tablet,,3.0,Bucaramanga
1147,2024/10/08,Pedro,Celular,,3.0,Bucaramanga
1148,2024/01/06,Maria,Impresora,571.37,5.0,Bucaramanga
1149,2024/12/18,,Impresora,2616.58,4.0,Cali
1150,2024-05-17,Camila,Celular,509.14,,Medellín
1151,2024-09-02,Laura,Teclado,1405.2,,Bucaramanga
1152,02-04-2024,Luis,Laptop,964.97,4.0,Bogotá
1153,2024-03-14,Sofia,Monitor,,1.0,Bucaramanga
1154,07-01-2024,Ana,Celular,1182.77,1.0,Medellín
1155,2024-05-07,Luis,Teclado,2818.87,1.0,Cartagena
1156,22-06-2024,Ana,Monitor,,,Cali
1157,2024-09-02,Maria,Laptop,,5.0,Bogotá
1158,2024-01-23,Andres,Impresora,,2.0,Medellín
1159,2024-01-13,Sofia,Celular,,,Bucaramanga
1160,2024/02/27,Pedro,Mouse,,3.0,Cartagena
1161,2024-06-19,Carlos,Mouse,2691.98,,Cartagena
1162,20-06-2024,Pedro,Celular,,,Cali
1163,2024/02/23,Laura,Tablet,2802.0,1.0,Bucaramanga
1164,2024/03/16,Pedro,Celular,,1.0,Cartagena
1165,06-08-2024,Luis,Teclado,316.82,,Cali
1166,2024/06/12,Sofia,Audifonos,,,Medellín
1167,2024-11-30,Sofia,Celular,,5.0,Barranquilla
1168,12-02-2024,Sofia,Monitor,2124.13,3.0,Medellín
1169,2024/01/09,Andres,Audifonos,2874.97,,Cali
1170,2024/03/12,Laura,Teclado,,2.0,Medellín
1171,29-01-2024,Pedro,Mouse,2888.05,4.0,Bucaramanga
1172,2024/08/05,Juan,Mouse,2005.1,4.0,Bogotá
1173,2024/03/16,Pedro,Mouse,772.89,,Medellín
1174,2024/04/03,Pedro,Impresora,,4.0,Cali
1175,2024-02-26,Juan,Laptop,1832.31,5.0,Bogotá
1176,2024/07/21,,Audifonos,,,Bucaramanga
1177,2024/04/26,Pedro,Impresora,,2.0,Barranquilla
1178,2024-11-12,Maria,Celular,591.9,,Cali
1179,30-11-2024,Sofia,Celular,,4.0,Cali
1180,2024-02-25,Ana,Tablet,,1.0,Cali
1181,24-03-2024,Ana,Mouse,675.13,3.0,Cartagena
1182,13-04-2024,Juan,Monitor,844.05,,Bogotá
1183,2024/01/25,Ana,Impresora,,,Cartagena
1184,2024/04/09,Sofia,Tablet,2922.86,,Bucaramanga
1185,2024-09-14,Andres,Teclado,,4.0,Cali
1186,2024-03-23,,Audifonos,282.32,2.0,Bucaramanga
1187,2024-11-30,Pedro,Tablet,1370.07,,Cali
1188,2024/11/15,Juan,Celular,755.38,,Bogotá
1189,2024-01-08,Luis,Mouse,,3.0,Cali
1190,2024-03-23,Luis,Tablet,1092.44,,Cali
1191,2024/08/30,Laura,Teclado,,,Cali
1192,2024/07/24,Camila,Teclado,,3.0,Bucaramanga
1193,30-07-2024,Laura,Impresora,2638.36,5.0,Bucaramanga
1194,05-05-2024,Andres,Laptop,505.96,,Medellín
1195,2024/10/18,Ana,Monitor,,,Barranquilla
1196,27-08-2024,Andres,Audifonos,371.9,,Barranquilla
1197,2024/04/12,Carlos,Mouse,,,Bogotá
1198,2024/05/22,Juan,Teclado,2848.17,,Cartagena
1199,17-01-2024,Sofia,Laptop,,,Medellín
1200,2024-01-28,Juan,Celular,846.05,1.0,Bogotá
